prime,ratio_over_sqrt_N
2,0.068
3,0.3730804203146663
5,0.18487350516245213
7,0.295101985690234
11,0.4305776997271249
13,1.0628776170446181
17,0.8289564660947968
19,0.2748493785309994
23,0.635137004356866
29,1.1396931416163065
31,0.8286422802485819
37,0.47031283773589466
41,0.48299392134768754
43,0.36403179094440224
47,0.4624754528837472
53,0.6504747602289835
59,0.8320370638162483
61,0.8870493576715965
67,0.883032749724851
71,0.5627794299254834
73,0.502887355344908
79,0.5303316072053219
83,0.500217416446663
89,0.8872468810907388
97,0.9455130147685463
101,0.6536926710357326
103,1.0343438042766164
107,1.0839690400517095
109,0.8487265258251984
113,0.4536056833776791
127,0.734821036260541
131,0.6567790479839248
137,1.1582967238565591
139,0.6342891213333072
149,0.5199089016434638
151,0.8481239682524786
157,1.1305411325571564
163,0.5160347851092104
167,0.4709943988645533
173,0.6419792462823343
179,0.38319955958747665
181,0.6252605888408149
191,0.4719567701596317
193,1.0378762950762126
197,0.46073389819296995
199,1.1374230986581573
211,0.855393591130241
223,0.9227874049051228
227,0.37133149352717604
229,0.4121898489844131
233,0.7751357838265069
239,0.6193295100537276
241,0.7029927001033957
251,0.7518342532692515
257,0.6883501704275108
263,1.0142353592329862
269,0.755510329716722
271,0.268100985891891
277,1.002031826964958
281,0.24081531701097098
283,0.46307772308952416
293,0.31462982933450895
307,0.5528858327875432
311,0.40597233772351327
313,0.10040389555979856
317,1.006045678513256
331,0.6856370415566668
337,1.0754640763667194
347,0.5813076790850713
349,1.6704181570291134
353,0.3443603076129943
359,0.059880090519144426
367,0.18843144179762772
373,1.8299826550220448
379,0.3937177352423774
383,0.22673677630983702
389,0.41193898238877485
397,0.49094962630616795
401,0.7454632589116976
409,0.2931815058341969
419,1.2423038734212726
421,0.7436554811867815
431,1.423878009344373
433,0.8133113883059248
439,1.0334479637505045
443,0.648564894745984
449,0.7059702987930706
457,1.1955798838256708
461,0.8942099878172655
463,0.7481463938967451
467,0.3464781521363065
479,0.6349151359801894
487,0.63789921899612
491,0.626934280509844
499,0.6691208559127998
503,0.42230324956298115
509,0.19202641733855094
521,0.6176525367557872
523,0.5639621444956016
541,0.7265370852166773
547,0.6394012345762579
557,0.8856577554338033
563,0.46728370656097756
569,0.9070764031878398
571,0.5703490927464108
577,0.5474054026282463
587,0.8618695437338456
593,0.2492211817276247
599,0.4759954217375925
601,0.39743472685277564
607,0.824930643511808
613,0.7651917088011982
617,0.36819864208552416
619,0.2334499384682757
631,0.6111816439554992
641,0.44727462925136896
643,0.3475679687627077
647,0.4527753097516731
653,0.5024223212840827
659,1.1393633534654997
661,0.5516660852829488
673,0.1494805030178928
677,1.5621613811461923
683,0.29962284665674327
691,1.1325517586948473
701,0.8038208221636691
709,0.712541658156196
719,0.20982819999816182
727,0.20554811708582812
733,0.34442194584543173
739,0.6906026550486553
743,0.6972165047024547
751,0.9713859831631215
757,1.4940793318713286
761,0.40235348443011004
769,0.6124188486969779
773,0.1984893730611769
787,0.7383990316657525
797,1.0938418605173468
809,0.36142457563295655
811,0.47293848338377925
821,0.9598590770942897
823,0.9818215559114922
827,0.3825432592319623
829,0.8857538548560182
839,1.1330708012996424
853,0.7189331137784728
857,0.8144784304453621
859,0.2061606808131424
863,0.48341703284047355
877,0.5017387827303533
881,1.0934526524435133
883,0.1975861578868559
887,0.6657420552074209
907,0.7402151700764459
911,0.47721573792744215
919,1.4465187665344301
929,0.3868408756841428
937,0.9144090849617726
941,0.8841385870872616
947,0.44424815074266893
953,0.9095654635281096
967,0.4234090497328554
971,0.8460528981782562
977,0.45489519679435003
983,1.0375283346511217
991,1.7955493877686848
997,0.6095942548076242
1009,0.8241480429469374
1013,0.7143665524183131
1019,0.39424652766264096
1021,0.5180410532879388
1031,0.20222516733952542
1033,0.9115719700475764
1039,0.26558556904411845
1049,1.0623787655860042
1051,0.5964240976037224
1061,0.8642796579724404
1063,0.22750190186352462
1069,0.3382652766774797
1087,0.7751307236996501
1091,1.1615634933673764
1093,0.7821788910958029
1097,0.9883828501620998
1103,0.35467997615854857
1109,0.3942519259035402
1117,1.223324110120247
1123,0.7142547826667178
1129,0.25817174819225075
1151,0.6938483858331449
1153,0.8460782438670851
1163,0.10751314895857325
1171,0.18339524090988715
1181,0.5788169177016559
1187,0.561575377608794
1193,1.4245854435563683
1201,0.7150700163144385
1213,0.5144041316218808
1217,0.8798428972853355
1223,0.9650661186635769
1229,1.053923017838201
1231,0.2978517486434182
1237,0.800455790389454
1249,1.3006439887687762
1259,0.7356240860110912
1277,0.6840808285420124
1279,0.730911343066931
1283,0.6308368258512281
1289,0.408323623674359
1291,0.8036823638580594
1297,0.7834978811715851
1301,1.365935494016396
1303,1.150415356090017
1307,0.2247665761060711
1319,0.27201794421953324
1321,1.2192970407940409
1327,0.2788836468721831
1361,0.3093098491643638
1367,0.6318771744345373
1373,0.6074989886784161
1381,0.5645512115963385
1399,1.7326073711831658
1409,0.16101121342518088
1423,0.8596519127813105
1427,0.2657300828915487
1429,1.1057770621227674
1433,0.7096640602685995
1439,0.40675326007030016
1447,0.6872962868625887
1451,0.5055211186955946
1453,0.7485986224999405
1459,0.7286541815066271
1471,0.9705046796648471
1481,0.6344234578783552
1483,0.39039365941479304
1487,0.6106312190079579
1489,0.20286702368281273
1493,0.5603801490340664
1499,0.773017800174104
1511,0.48693382852883926
1523,0.580358883905626
1531,0.6587119002849445
1543,0.8896684059733133
1549,0.46307362268779395
1553,0.8851437368125757
1559,0.8514905613543633
1567,0.08138792118585954
1571,0.9976004738797598
1579,0.2692891489395931
1583,0.25897593297185767
1597,0.8791929023277766
1601,0.7676055137923639
1607,0.7096193316514758
1609,0.6268588031177502
1613,0.6585033629564189
1619,0.44227619777693594
1621,0.6166865589548152
1627,0.5557422055241779
1637,0.9346021993100865
1657,0.26161708261785704
1663,0.5526060422403212
1667,0.918071746898642
1669,0.5803628360105703
1693,0.6504794922204961
1697,0.3576717772840701
1699,0.6174328267670373
1709,0.7362312329787261
1721,0.8332037658644328
1723,0.4475583023573954
1733,0.5622052281414149
1741,0.9459096953704336
1747,0.5918816564540501
1753,0.4342576101205792
1759,0.5032045661685692
1777,0.4957130664749587
1783,0.9989910744470152
1787,0.5487641438622775
1789,0.1048267042152271
1801,1.0571046772381978
1811,0.45117117698379444
1823,0.621318335160869
1831,0.6887851617907204
1847,1.1111029480826682
1861,0.8664993405233077
1867,0.7487778240585883
1871,0.26101399651180074
1873,0.11501618841961372
1877,1.4933228944842871
1879,0.8872975977358057
1889,0.7725449839026086
1901,1.0952636452174427
1907,0.46446611276283994
1913,0.6895301126558491
1931,0.5938108454634455
1933,0.8755657310645244
1949,1.1378806411873
1951,0.924295097661262
1973,0.4008946416672474
1979,0.5969204458572556
1987,1.7496921401104222
1993,0.31093452236452346
1997,0.9427022749849763
1999,0.9892333588876094
2003,0.14733320234256542
2011,0.15807771997204745
2017,0.940359530686816
2027,0.8313704170291473
2029,0.6058554913671542
2039,0.013373326396184401
2053,0.7252129842446666
2063,0.31752044579298183
2069,1.2154223706176615
2081,0.8387528931821174
2083,0.6333013299667895
2087,0.6288956339633763
2089,0.770401091753928
2099,0.7587261260222747
2111,0.4474081880295531
2113,0.4792685681291644
2129,0.2909826795879647
2131,0.2205028999437947
2137,0.8682730982743065
2141,0.1998686717102814
2143,0.6619647233937549
2153,0.5752265533423035
2161,0.45527678125491494
2179,0.5721111385244086
2203,0.9110967788638807
2207,0.9024944362738744
2213,0.6659636835166086
2221,0.4518912318940288
2237,0.220083649982757
2239,0.29523216316180045
2243,0.7960318032320569
2251,1.2412801915866816
2267,0.35432866219472925
2269,0.37282642813954525
2273,1.5844620559929592
2281,0.38931218246064453
2287,0.18129441318100858
2293,0.9472407535733586
2297,0.019256395487947154
2309,1.006397747073307
2311,1.6866723083366022
2333,0.7935105118458737
2339,0.8223652145175249
2341,1.0731006504181926
2347,0.7447488964383763
2351,0.32105662162712445
2357,1.5689508608668616
2371,1.3700872338052292
2377,1.2054336337506175
2381,0.46409963739318494
2383,1.1992964147831617
2389,0.6162680894348679
2393,0.46963266584051333
2399,0.8555668702763476
2411,0.5504042052209558
2417,0.45796238255826116
2423,0.44897296716724244
2437,1.1816419884460647
2441,1.0964985029040173
2447,0.851537794349821
2459,0.21283291236936444
2467,0.4278559190008414
2473,0.8147881914224576
2477,0.7750455917108092
2503,0.4774277417218238
2521,0.25402329365957477
2531,0.5780102490184351
2539,0.4502096904670505
2543,0.5461705171597322
2549,1.145000398748876
2551,1.3385307381911582
2557,0.3804851783895896
2579,0.4693742786625309
2591,0.4181963093419325
2593,0.2547223966924636
2609,0.6603738189139151
2617,0.3289163168478085
2621,0.972918951610426
2633,0.566355422433471
2647,0.4784032168736223
2657,0.8969266084957996
2659,1.1456788423743116
2663,0.8846398221300181
2671,0.23525651019832927
2677,0.49711953403631076
2683,0.8461785061172616
2687,0.4705625418569207
2689,0.2795829764271746
2693,1.7552394827032713
2699,1.9288038268717302
2707,0.41604053910127076
2711,0.26872995397295146
2713,0.39729068315603144
2719,0.5827416838365542
2729,0.6063074863904602
2731,0.47495236074919156
2741,0.37457850086931754
2749,1.252539157949307
2753,0.5034813798314827
2767,0.5669539317546796
2777,1.0440746537371888
2789,1.3710622007252107
2791,1.7315920451041196
2797,1.2803699472304293
2801,1.0394133995875805
2803,1.026601777941545
2819,0.2209416374734468
2833,0.14564969182227655
2837,0.4554997744414013
2843,0.6327753912795516
2851,1.5085291693540666
2857,2.001465642554339
2861,0.6244805292561474
2879,0.4326676761703949
2887,0.9364307373077686
2897,0.988238940926335
2903,0.38933607861668185
2909,1.0091228293390118
2917,0.095487218757992
2927,0.589062926512788
2939,0.3044711199045488
2953,0.3831660875203975
2957,0.2683708092564915
2963,0.7478235792624992
2969,0.16175352303665283
2971,0.12695061385159517
2999,1.0925216368637887
3001,0.8972059961069364
3011,0.22079565572871035
3019,0.5817527715367067
3023,0.3468541479265551
3037,0.6355453799398294
3041,0.686137624595083
3049,0.4762142165827797
3061,0.10355709532190814
3067,0.5583883026548593
3079,0.2642586327180867
3083,0.6149975279264025
3089,0.4412935008670717
3109,0.5038398544201409
3119,1.523126641609277
3121,1.4102332936864705
3137,1.1866232108483612
3163,0.35987010807628494
3167,0.3077057186163707
3169,0.3860478625959651
3181,0.8659773025203871
3187,0.9714098747818821
3191,0.6114642629541751
3203,0.39497139627459893
3209,0.5408469429938948
3217,0.6888825782120122
3221,0.5967814075100841
3229,0.5377953789541803
3251,0.6999593714936226
3253,0.6439438918216833
3257,0.2974253952660916
3259,0.09299038124578482
3271,1.3202056087941776
3299,0.7378656819850811
3301,0.5092325366975822
3307,0.3628375361294552
3313,1.0829172193403744
3319,1.4127712300722306
3323,0.9240665967261105
3329,0.6225526777640965
3331,0.7706782542570596
3343,0.8251349745901548
3347,0.9225958116621156
3359,0.9831689682891459
3361,1.0218822440545083
3371,0.8740164348659999
3373,0.8818471051918979
3389,0.6215718200038969
3391,0.6062715535208539
3407,0.1786771579111556
3413,1.0113558709203512
3433,0.8876961126408183
3449,0.616016998096583
3457,0.4968273456172645
3461,0.5423327302554009
3463,0.7084140987589111
3467,0.9415946018861154
3469,0.9599351862888292
3491,0.8412491593548214
3499,0.44396400415589155
3511,0.27018664811587184
3517,0.631506148241771
3527,0.5132797014700436
3529,0.22870660934305373
3533,0.3084213302094201
3539,0.3947833861659014
3541,0.3841578982405144
3547,1.1928572946409013
3557,0.6350047257356455
3559,0.39731604703905266
3571,0.7728419186613813
3581,0.19670330758866214
3583,0.21140666401472868
3593,0.862851594784123
3607,0.6304284583176396
3613,0.645456330938994
3617,0.4654398862906245
3623,0.7322120196220718
3631,0.7365699712734458
3637,0.15952274238468897
3643,0.969841279492725
3659,0.673896533981651
3671,0.7620940282653977
3673,0.6539198647285581
3677,0.30587971924578494
3691,0.8635602172807637
3697,0.4644724113494476
3701,0.5105716236075163
3709,0.8195153047084299
3719,0.636687315102149
3727,0.11116553481267037
3733,0.3159702089762227
3739,0.5107453856687472
3761,1.212889689686605
3767,0.704005565693579
3769,0.4209168648042944
3779,0.7013094327636736
3793,0.2030050593717347
3797,0.20939210236158362
3803,0.5510458447167415
3821,1.5941671339367145
3823,1.5120444520009628
3833,0.6347153294750574
3847,1.6167309623498438
3851,0.9191020527853871
3853,0.53266891731801
3863,0.7068945443295688
3877,1.4507983113566836
3881,1.5005887114566139
3889,1.345314981827347
3907,0.5555812299766063
3911,0.5795904730491944
3917,0.2857819310981846
3919,0.28006192183785156
3923,0.6643919663026746
3929,1.2394399534751595
3931,1.3253602286532733
3943,0.3342085221659747
3947,0.3271548610749196
3967,0.29105255284759396
3989,1.4514456642717122
4001,1.6991920950060169
4003,1.3236055361828774
4007,0.3869455397393564
4013,0.9344799433225357
4019,1.4585437547878435
4021,1.4110349460652327
4027,0.80204579223986
4049,0.4833661499667841
4051,0.5628917056815697
4057,0.6296607450730559
4073,0.4982688670221625
4079,0.7547137532997746
4091,0.9940607101054431
4093,0.9371729300133226
4099,0.8115913456482491
4111,1.4716171969524507
4127,0.6495915836362394
4129,0.8466192986107255
4133,0.9582459807489234
4139,0.4359120220906156
4153,0.8868498935363558
4157,0.4759904493425605
4159,0.16066374933857755
4177,1.2557188600688203
4201,0.6349043757902069
4211,0.2414764823411806
4217,0.22361415638508367
4219,0.17708247632803142
4229,0.20586124156587066
4231,0.2901923792228847
4241,1.0561834511225916
4243,1.1892855965206945
4253,1.2419400045312678
4259,0.9332136603264503
4261,0.8358641041230918
4271,0.59789518631369
4273,0.6449087155257369
4283,1.169864553189392
4289,1.154786574344263
4297,0.6150547811178446
4327,0.8474712066816341
4337,0.4387858006877703
4339,0.531884102441478
4349,0.783317479019907
4357,0.7859847090336313
4363,1.3156102835854593
4373,1.319082837322879
4391,1.121261996089573
4397,1.125940409186327
4409,1.4358869630016788
4421,1.209062281917969
4423,1.085887675481325
4441,0.3682522461586996
4447,0.319455828930236
4451,0.5512661540130654
4457,0.7614194560094947
4463,0.7644821478330509
4481,0.3988025298347883
4483,0.40882891057440596
4493,1.1381199981835954
4507,1.2344474484392303
4513,0.8464978260977041
4517,0.5820442604328567
4519,0.4675814821260087
4523,0.2858517129138576
4547,0.6284215771683532
4549,0.6741976655612236
4561,0.8921181791746335
4567,1.1760326345706609
4583,1.3184526690548422
4591,0.6107496493106266
4597,0.4396923267745722
4603,0.7811050631989225
4621,0.350898592063985
4637,0.6620380973146763
4639,0.6148804531599749
4643,0.4814078910698691
4649,0.28298431214642444
4651,0.2459392324658301
4657,0.2533524887875186
4663,0.3050752242625645
4673,0.2229994227301611
4679,0.15035057842026964
4691,0.4336558520924266
4703,0.08463168416755783
4721,0.7338512552395725
4723,0.7428982620821458
4729,0.7851588181229663
4733,0.8702771499093137
4751,0.5197756931660028
4759,0.3003632787666868
4783,0.4238700191049688
4787,0.6356772443207556
4789,0.7207925482184335
4793,0.7887877020262095
4799,0.594181338594408
4801,0.4747374363599006
4813,1.0258833587476661
4817,1.3236955910208585
4831,1.0954076873436813
4861,0.42043592478386094
4871,0.8650782977845247
4877,0.8385225052818984
4889,0.18502817030029234
4903,0.882375604698421
4909,0.8463128619384191
4919,0.34672598704173796
4931,0.5096639414405904
4933,0.5586253362155164
4937,0.6056564694934081
4943,0.6313020486293403
4951,0.8699482099788629
4957,1.104557997082143
4967,1.0517118682491782
4969,0.9527932345682661
4973,0.6955928667714466
4987,0.9251935713328533
4993,1.207053205042029
4999,1.1882965238261092
5003,1.0137926962929706
5009,0.6207711154535503
5011,0.5026348641677638
5021,0.6512747694657193
5023,0.7312244401999918
5039,0.7327959968231479
5051,0.6766836532451697
5059,0.6729818651077156
5077,0.417974865700174
5081,0.4565449387040885
5087,0.5969587815173794
5099,0.928607970005693
5101,0.9701441364329096
5107,1.0481382340381447
5113,1.0494543797764737
5119,0.9951168044828966
5147,1.2779041959601396
5153,1.123262283596845
5167,0.13940139003190996
5171,0.3010363878207633
5179,0.7781114712461582
5189,0.7666723920226494
5197,0.3781085514100063
5209,0.8233466128094853
5227,0.9870723525898125
5231,0.8278880506075935
5233,0.7393892717708145
5237,0.5629333502888985
5261,0.27494344381945174
5273,0.3984549097602352
5279,0.4503110268459326
5281,0.4731710118916376
5297,0.6266790877667284
5303,0.5715073240065713
5309,0.48183017135644135
5323,0.5212174907367271
5333,0.4728219452144993
5347,0.4679971953074641
5351,0.5581915717895054
5381,0.5136179611122155
5387,0.6062732140485443
5393,0.6042647271346778
5399,0.5195924897984461
5407,0.49093549444484363
5413,0.6319775957238541
5417,0.7481634662040555
5419,0.8016722927222505
5431,0.99340330394558
5437,1.0053984885332052
5441,0.9796763608563754
5443,0.956100920241597
5449,0.8558001031726906
5471,1.3579925376369737
5477,1.5073095501548046
5479,1.5131278211982988
5483,1.4504967834562266
5501,0.4678444526550747
5503,0.4319646326446975
5507,0.47877674787997143
5519,0.5313619177453243
5521,0.4671382418458481
5527,0.19296449342060554
5531,0.2132412526804084
5557,0.939118486880369
5563,0.6632159627151644
5569,0.3498414902861092
5573,0.2451428578647365
5581,0.435153656282049
5591,0.5960197058693005
5623,0.21495368801809722
5639,0.3821610291491449
5641,0.41722538368596235
5647,0.4645347535533844
5651,0.46732822554373094
5653,0.4715225459032961
5657,0.507732862202447
5659,0.5442850670384791
5669,0.821953901876526
5683,0.9117154590171954
5689,0.8271550921614721
5693,0.8120201489479203
5701,0.9963635589714743
5711,1.3074841915290765
5717,1.3291401977650277
5737,0.3156698368571208
5741,0.08839757870835696
5743,0.14333505587302486
5749,0.46071324190366086
5779,0.31981339138532866
5783,0.1921023475433544
5791,0.06664621880259493
5801,0.22375933029944226
5807,0.30535604052022175
5813,0.39299988304496514
5821,0.5184729269106108
5827,0.5985698874542743
5839,0.6399115137196817
5843,0.6070142056657714
5849,0.5223913382650057
5851,0.4899741813571948
5857,0.413680083576279
5861,0.4098689382085604
5867,0.4927961995461389
5869,0.5365987781662314
5879,0.7994418243459911
5881,0.8573999351449942
5897,1.3835521347446234
5903,1.5434419106179509
5923,1.1109694511663224
5927,0.8050784501045163
5939,0.40392094873872597
5953,1.4575536757184708
5981,0.5972695414312115
5987,0.5780370290223037
6007,0.993025387870529
6011,0.8825616436334324
6029,0.8858947330345998
6037,1.2136591705916724
6043,1.3118377606237632
6047,1.279896249875695
6053,1.0880564753665147
6067,0.2175059558146211
6073,0.23935476056651137
6079,0.5600572557775468
6089,0.8361207633859356
6091,0.8462454791334963
6101,0.7075797079390875
6113,0.3628915288023436
6121,0.31479875520694306
6131,0.4728241643926891
6133,0.503080687230444
6143,0.597244153684892
6151,0.5881832316839848
6163,0.4213915318216281
6173,0.2962714020082154
6197,0.6775064368820088
6199,0.6728736250591361
6203,0.6346879522322632
6211,0.4624112517401472
6217,0.3133140727019796
6221,0.2814113314736029
6229,0.46407047864724416
6247,0.955445472373956
6257,1.1242963000521904
6263,1.2062043069907649
6269,1.2627279028103895
6271,1.272145363090656
6277,1.2593361056396852
6287,1.0624411480391474
6299,0.5375176763331887
6301,0.4302858466192671
6311,0.21993453328749973
6317,0.5279499641889589
6323,0.8105935157064439
6329,1.0343113771790065
6337,1.2263551951593124
6343,1.291313439870473
6353,1.260887080982512
6359,1.1660119333600492
6361,1.1225982177868346
6367,0.9607940984688008
6373,0.7611167041901142
6379,0.5416535480698654
6389,0.20263350298592855
6397,0.07343287978057651
6421,0.3032434154191773
6427,0.4978536157843974
6449,0.9662049586268168
6451,0.9588135959336901
6469,0.5267498073187514
6473,0.41232472735434356
6481,0.3737640406577322
6491,0.5661443016741613
6521,0.44874174309650144
6529,0.5091947404727413
6547,0.6179274139613162
6551,0.5832547236688332
6553,0.5594140067807777
6563,0.42831507839235095
6569,0.39339406258258136
6571,0.39274806648240745
6577,0.4055186795409234
6581,0.4083435857327079
6599,0.2982041938827369
6607,0.48440706721748233
6619,0.939834028227197
6637,1.2285743084174943
6653,0.8854979012004636
6659,0.7338792945168935
6661,0.7001644855660982
6673,0.7361043377225657
6679,0.8118737178207527
6689,0.8261141193875816
6691,0.8058906179993982
6701,0.6159628625623993
6703,0.5704976201841601
6709,0.4630310247576189
6719,0.5000083037209676
6733,0.6619643172735078
6737,0.6565413070456458
6761,0.4843122387142183
6763,0.5145513957478084
6779,0.758823538536024
6781,0.7627957995301661
6791,0.639308883095355
6793,0.5859674178757212
6803,0.2133861696550812
6823,0.8407250303897099
6827,1.0039798304593666
6829,1.0746074607753686
6833,1.1902697358810241
6841,1.3063588341695538
6857,1.0694908490385129
6863,0.8500908000819076
6869,0.5875106543829919
6871,0.494320717175058
6883,0.16689370117469454
6899,0.8601584285592621
6907,1.1539569464387358
6911,1.2777005060427344
6917,1.429491076714411
6947,1.4353582634651454
6949,1.3904223440519972
6959,1.1049025523683975
6961,1.0387028445077178
6967,0.830804068790565
6971,0.6898238182486871
6977,0.4866137683926115
6983,0.3133458486903471
6991,0.21442084561523067
6997,0.277786529859502
7001,0.3435063272332242
7013,0.5176418632304669
7019,0.5731587633544654
7027,0.6093449411902963
7039,0.5917673675918496
7043,0.5732230323433407
7057,0.5129460049121856
7069,0.5120012350206448
7079,0.5248804975200622
7103,0.5405572536270226
7109,0.5934729820063928
7121,0.7744856721651894
7127,0.8739840365155191
7129,0.904884768525789
7151,1.0767619725789412
7159,1.056401826675667
7177,0.8991545368390385
7187,0.7488744019752035
7193,0.6310655313778997
7207,0.29199845752853476
7211,0.21540677487365717
7213,0.1995308662709804
7219,0.27720800244277144
7229,0.5619632589196609
7237,0.7714625051779267
7243,0.8882087048686602
7247,0.9413204327011025
7253,0.9802294727613032
7283,0.5713452193024391
7297,0.32948873213424734
7307,0.29296152312877916
7309,0.2978565892612977
7321,0.35736091788942453
7331,0.42635105623724423
7333,0.4423300645481753
7349,0.5699953501017978
7351,0.5811187248391797
7369,0.5490861770628024
7393,0.17840290157959265
7411,0.4406464486582433
7417,0.5484758814176484
7433,0.7016438614081314
7451,0.6653252698609253
7457,0.6317837239920254
7459,0.6201490096081365
7477,0.501704894764045
7481,0.46552560336271864
7487,0.4007861432503408
7489,0.37701338342499285
7499,0.27297203780421375
7507,0.29640653081803253
7517,0.48308186610369075
7523,0.6185675967280172
7529,0.7438116286320274
7537,0.8712504669833564
7541,0.9116917539828352
7547,0.9385952043293128
7549,0.9382545713507296
7559,0.87090566448116
7561,0.8462351383680413
7573,0.6705185385382454
7577,0.6269627719124057
7583,0.6114014572814089
7589,0.668976160773336
7591,0.702015535675557
7603,0.9616619978535426
7607,1.0469092254022647
7621,1.2421416150792128
7639,1.1656403480855266
7643,1.1001456954149151
7649,0.9767188946032895
7669,0.4988535622470264
7673,0.43821283048471815
7681,0.4201630731651445
7687,0.48512708505301216
7691,0.5446963281498612
7699,0.6633935181307503
7703,0.7128921151382303
7717,0.8006999404066305
7723,0.7950855416591028
7727,0.7785723659104614
7741,0.6713800166231304
7753,0.597742360719551
7757,0.5949737369496384
7759,0.5986784011419425
7789,0.7807661210695219
7793,0.7744054083019818
7817,0.39185079382922866
7823,0.21787573733181886
7829,0.08930493142772489
7841,0.44712803568437287
7853,0.8267119323871085
7867,1.0915267210144897
7873,1.121224520810006
7877,1.1100083790955109
7879,1.0950365412779397
7883,1.0467070777076493
7901,0.5701091325316529
7907,0.35117596844871984
7919,0.1907255402290761
7927,0.4522539552817914
7933,0.6255600693772121
7937,0.7182511005101518
7949,0.8575489614285033
7951,0.8587926703075336
7963,0.7372247154349554
7993,0.3844578368895832
8009,0.849104772028727
8011,0.8954564440476895
8017,1.0084586166480416
8039,1.085008851854418
8053,0.9890694735489706
8059,0.9658517578936213
8069,0.9751876849506971
8081,1.0156101559630966
8087,1.0144369007223255
8089,1.007780521498078
8093,0.9832084465416852
8101,0.8846327931403632
8111,0.6724528218787819
8117,0.5152663125823551
8123,0.37424195062894644
8147,0.8461875457771256
8161,1.2652550555614226
8167,1.3942609345977777
8171,1.4599433238276789
8179,1.5413619413346735
8191,1.5464051206074625
8209,1.352303247356321
8219,1.1777223334074038
8221,1.1390161640717762
8231,0.9310150340269636
8233,0.8869614558086568
8237,0.796877193283336
8243,0.6578177330683058
8263,0.1938383526583121
8269,0.07531761036195857
8273,0.04406693855987102
8287,0.21698074721478017
8291,0.2490308470402135
8293,0.2607036087582672
8297,0.2752062052321353
8311,0.24341962668280484
8317,0.21035020621744882
8329,0.23309927847191403
8353,0.596325661042334
8363,0.7076878774088197
8369,0.7435422276709107
8377,0.7518658247042953
8387,0.7053308150532328
8389,0.6902543612561333
8419,0.5409469215292677
8423,0.5624069140463939
8429,0.6087106952663717
8431,0.6264092395714368
8443,0.7374902265694095
8447,0.7733989244009518
8461,0.8998497908549019
8467,0.9611005116569085
8501,1.3364489844279346
8513,1.3583072361034383
8521,1.3097667051512314
8527,1.241505240525566
8537,1.0859515562565916
8539,1.0524013635215366
8543,0.9877273437432923
8563,0.8968761398388158
8573,1.0342058049193161
8581,1.1669942508818527
8597,1.3304968531019319
8599,1.3347226912405514
8609,1.293389514259733
8623,1.076817159867739
8627,0.990088473253725
8629,0.9442744706306492
8641,0.6645501172029618
8647,0.5472123598637179
8663,0.43044513104255927
8669,0.44202441581457114
8677,0.45159816917227497
8681,0.4450499446604099
8689,0.40508451306654664
8693,0.3760161464067251
8699,0.33779831631041857
8707,0.3507799914946011
8713,0.434314938954266
8719,0.563535208254349
8731,0.8666863977765256
8737,1.0090831681611632
8741,1.0930593225109142
8747,1.1965746634422334
8753,1.2677163221751617
8761,1.305413612763283
8779,1.1460805644143934
8783,1.0702377293393082
8803,0.5672862900348472
8807,0.45920915744894
8819,0.16837855707418006
8821,0.1290031149374817
8831,0.0658076820731881
8837,0.1096759736545522
8839,0.11903104134335729
8849,0.11482572111053618
8861,0.10534555066677435
8863,0.12994688878531344
8867,0.19726166150681268
8887,0.6699836998995251
8893,0.8129294429600616
8923,1.1481762361463024
8929,1.106724104415398
8933,1.0587133822531725
8941,0.9229158559229993
8951,0.7247091415133032
8963,0.6387584206031697
8969,0.729662846264606
8971,0.7768799039976004
8999,1.5862283619465085
9001,1.6267727509785976
9007,1.7207069588549029
9011,1.7583940534080358
9013,1.7693650807428716
9029,1.664912696064219
9041,1.3837908277175384
9043,1.3240118551323559
9049,1.1304365407272314
9059,0.7995634357074977
9067,0.6098003503964458
9091,0.9875801129616262
9103,1.2825293745817568
9109,1.3903341487355645
9127,1.5273625140118632
9133,1.5178859568711185
9137,1.500079079629195
9151,1.392701903354349
9157,1.3375689538223063
9161,1.3009369046580708
9173,1.1962077835644258
9181,1.127104407176331
9187,1.0705564277004365
9199,0.9313217067738722
9203,0.8754508128419078
9209,0.7842620880267606
9221,0.6046387825992982
9227,0.5492263898895581
9239,0.6075573170951373
9241,0.6395945383961379
9257,0.997486730659679
9277,1.4038668788972808
9281,1.456131756606885
9283,1.4776333447339143
9293,1.5360642300316498
9311,1.4358219319831378
9319,1.3182148392168958
9323,1.2468252337274792
9337,0.9581689604002949
9341,0.8721397598249967
9343,0.8297557267673142
9349,0.7081813000880028
9371,0.41614970595101297
9377,0.3853004655096999
9391,0.3387365335375904
9397,0.3125280205942133
9403,0.2789365294205545
9413,0.2189803677429948
9419,0.20108289050757586
9421,0.20206026015310408
9431,0.2656128715175184
9433,0.28713628603482627
9437,0.3346611663600181
9439,0.3597650108803104
9461,0.606556147691013
9463,0.6213495332944357
9467,0.6452730049969679
9473,0.6658092758794114
9479,0.6666249715728185
9491,0.6073734057119022
9497,0.5485824059641496
9511,0.3487584707850129
9521,0.16972666692867033
9533,0.07473735137932673
9539,0.18222245949522559
9547,0.3193846563232489
9551,0.3810082320392088
9587,0.6016078826545987
9601,0.5311416108200828
9613,0.4678529272798945
9619,0.46355207667955456
9623,0.47728559618618654
9629,0.5234557109544103
9631,0.5448369731157833
9643,0.7119997837991968
9649,0.8055883334556578
9661,0.9787520909445793
9677,1.1321791542646065
9679,1.1430095913063556
9689,1.1665140337889326
9697,1.1487609526137403
9719,0.9601808599751929
9721,0.9358775857982399
9733,0.7819349771348337
9739,0.7072283349480231
9743,0.6614827940348954
9749,0.6022997306422888
9767,0.5146713174059709
9769,0.5126287062773528
9781,0.5154597887561094
9787,0.5188175371391709
9791,0.5194548191566148
9803,0.5102493798171095
9811,0.4981633631530338
9817,0.49121840599973315
9829,0.502558000602455
9833,0.5179806538715199
9839,0.5533883236096864
9851,0.6602297581557731
9857,0.7238952162668816
9859,0.7455591762098928
9871,0.8699009912939195
9883,0.9661436981983276
9887,0.9886902461521555
9901,1.0232396657190945
9907,1.0168256513736416
9923,0.9508695305199533
9929,0.9164236497423507
9931,0.9050200210277614
9941,0.8574337894084121
9949,0.8423437248507297
9967,0.9190435706951686
9973,0.9733332151968522
